Nome,Detalhes,URL,Valor
Casa em Luminárias,"Sítio Tabatinga, 4 camas, 18 – 24 de jul., ",www.airbnb.com.br/rooms/23506382?adults=1&children=0&enable_m3_private_room=true&infants=0&pets=0&check_in=2023-07-18&check_out=2023-07-24&source_impression_id=p3_1689693735_11giHT4yrxLB3UZ7&previous_page_section_name=1000,R$75 noite
Quarto em Luminárias,"Hospede-se com Thiago,  · Professor, Casa Verde, 19 – 24 de jul., ",www.airbnb.com.br/rooms/791455131214120606?adults=1&category_tag=Tag%3A8678&children=0&enable_m3_private_room=true&infants=0&pets=0&check_in=2023-07-19&check_out=2023-07-24&source_impression_id=p3_1689693735_kr4a%2BSh%2BfDg%2BRyoz&previous_page_section_name=1000,R$91 noite
Casa de campo em Luminárias,"Casa para Temporada - Luminárias MG, 3 camas, 18 – 23 de jul., ",www.airbnb.com.br/rooms/52857742?adults=1&children=0&enable_m3_private_room=true&infants=0&pets=0&check_in=2023-07-18&check_out=2023-07-23&source_impression_id=p3_1689693735_HnfLFdUI1GxaJFsX&previous_page_section_name=1000,R$67 noite
Quarto em Luminárias,"Hospede-se com Maria Lúcia,  · Anfitriã(o) há 4 anos, Recanto 6 - Quedas & Serras, 19 – 24 de jul., ",www.airbnb.com.br/rooms/39890819?adults=1&category_tag=Tag%3A8678&children=0&enable_m3_private_room=true&infants=0&pets=0&check_in=2023-07-19&check_out=2023-07-24&source_impression_id=p3_1689693735_jpetUEKAq%2BMYu%2FpX&previous_page_section_name=1000,R$143 noite
Pousada em Luminárias,"Chalé com piscina em Luminárias 2, , 19 – 26 de jul., ",www.airbnb.com.br/rooms/52525659?adults=1&children=0&enable_m3_private_room=true&infants=0&pets=0&check_in=2023-07-19&check_out=2023-07-26&source_impression_id=p3_1689693735_zd84dlpXqU0ExS27&previous_page_section_name=1000,R$217 noite
Suíte de hóspedes em Luminárias,"Suíte de hóspedes aconchegante, em Luminárias MG, 1 cama, 18 – 23 de jul., ",www.airbnb.com.br/rooms/603542067621919080?adults=1&children=0&enable_m3_private_room=true&infants=0&pets=0&check_in=2023-07-18&check_out=2023-07-23&source_impression_id=p3_1689693735_fTGYcRHNQnsRs28I&previous_page_section_name=1000,R$159 noite
Quarto em Luminárias,"Hospede-se com Luiz, Sítio/Rancho Ribeirão das Pedras, 19 – 24 de jul., ",www.airbnb.com.br/rooms/913111211735500733?adults=1&category_tag=Tag%3A8678&children=0&enable_m3_private_room=true&infants=0&pets=0&check_in=2023-07-19&check_out=2023-07-24&source_impression_id=p3_1689693735_BDfNCYVlEVC%2BjOjN&previous_page_section_name=1000,R$556 R$456 noite
Casa em Luminárias,"Sítio Girassol Luminárias, 5 camas, 19 – 24 de jul., ",www.airbnb.com.br/rooms/688296395310979098?adults=1&children=0&enable_m3_private_room=true&infants=0&pets=0&check_in=2023-07-19&check_out=2023-07-24&source_impression_id=p3_1689693735_dYEGFgc2D4q4POlM&previous_page_section_name=1000,R$401 noite
Quarto em Luminárias,"Hospede-se com Maria Lúcia,  · Anfitriã(o) há 4 anos, Recanto 1 - Quedas & Serras, 19 – 26 de jul., ",www.airbnb.com.br/rooms/39864089?adults=1&category_tag=Tag%3A8678&children=0&enable_m3_private_room=true&infants=0&pets=0&check_in=2023-07-19&check_out=2023-07-26&source_impression_id=p3_1689693735_C2VUQ1VmtANo%2BWLM&previous_page_section_name=1000,R$140 R$123 noite
Quarto em Luminárias,"Hospede-se com Maria Lúcia,  · Anfitriã(o) há 4 anos, Recanto 5 - Quedas & Serras, 19 – 24 de jul., ",www.airbnb.com.br/rooms/39890217?adults=1&category_tag=Tag%3A8678&children=0&enable_m3_private_room=true&infants=0&pets=0&check_in=2023-07-19&check_out=2023-07-24&source_impression_id=p3_1689693735_E3KHSPFDtYJsSkT8&previous_page_section_name=1000,R$143 noite
Quarto em Luminárias,"Hospede-se com Maria Lúcia,  · Anfitriã(o) há 4 anos, Recanto 4 -  Quedas & Serras, 19 – 24 de jul., ",www.airbnb.com.br/rooms/39882071?adults=1&category_tag=Tag%3A8678&children=0&enable_m3_private_room=true&infants=0&pets=0&check_in=2023-07-19&check_out=2023-07-24&source_impression_id=p3_1689693735_Lpvy4aGjoeuvWbt0&previous_page_section_name=1000,R$143 noite
Acampamento em Luminárias,"Acampamento em lugar magnífico natureza exuberante, 1 cama, 18 – 25 de jul., ",www.airbnb.com.br/rooms/761448735803172581?adults=1&children=0&enable_m3_private_room=true&infants=0&pets=0&check_in=2023-07-18&check_out=2023-07-25&source_impression_id=p3_1689693735_5jdPaPnnrdsMIfMf&previous_page_section_name=1000,R$59 noite
Quarto em Luminárias,"Hospede-se com Maria Lúcia,  · Anfitriã(o) há 4 anos, Recanto 3 -  Quedas & Serras, 19 – 24 de jul., ",www.airbnb.com.br/rooms/39865640?adults=1&category_tag=Tag%3A8678&children=0&enable_m3_private_room=true&infants=0&pets=0&check_in=2023-07-19&check_out=2023-07-24&source_impression_id=p3_1689693735_XjS42bjPEqsxCIxt&previous_page_section_name=1000,R$143 noite
Alojamento ecológico em Luminárias,"Lugar adorável ao lado da natureza..., 1 cama queen, 1 – 6 de fev., ",www.airbnb.com.br/rooms/744232343649244541?adults=1&children=0&enable_m3_private_room=true&infants=0&pets=0&check_in=2024-02-01&check_out=2024-02-06&source_impression_id=p3_1689693735_OLde6964WZPIP42T&previous_page_section_name=1000,R$571 noite
Hotel-fazenda em Luminárias,"Aluga-se para temporada, 7 camas, 18 – 25 de jul., ",www.airbnb.com.br/rooms/864499613166324912?adults=1&children=0&enable_m3_private_room=true&infants=0&pets=0&check_in=2023-07-18&check_out=2023-07-25&source_impression_id=p3_1689693735_3pIQDaDffyS%2Fx2z3&previous_page_section_name=1000,R$715 R$587 noite
Quarto em Luminárias,"Hospede-se com Albert, Pousada E Camping Serra dos Sonhos, 18 – 25 de jul., ",www.airbnb.com.br/rooms/53082679?adults=1&category_tag=Tag%3A8678&children=0&enable_m3_private_room=true&infants=0&pets=0&check_in=2023-07-18&check_out=2023-07-25&source_impression_id=p3_1689693735_j4BVPoy9oKkUOjTz&previous_page_section_name=1000,R$262 noite
Quarto em Luminárias,"Hospede-se com Jean, Chalé com piscina em Luminárias 3, 18 – 23 de jul., ",www.airbnb.com.br/rooms/53170782?adults=1&category_tag=Tag%3A8678&children=0&enable_m3_private_room=true&infants=0&pets=0&check_in=2023-07-18&check_out=2023-07-23&source_impression_id=p3_1689693735_ZeEyAp%2FTAFt3Ecfp&previous_page_section_name=1000,R$217 noite
Chalé em Luminárias,"Chales, Bar Pesqueiro e Cachaça, 2 camas, 19 – 26 de jul., ",www.airbnb.com.br/rooms/831217896227049036?adults=1&children=0&enable_m3_private_room=true&infants=0&pets=0&check_in=2023-07-19&check_out=2023-07-26&source_impression_id=p3_1689693735_JDV%2FymzTnOydIKjG&previous_page_section_name=1000,R$338 R$308 noite
